old_path,new_path,rule,note
/petco-omnichannel-transformation/,/blog/petco-omnichannel-transformation/,post exact slug,
/teamwork-soc-2-compliant/,/blog/teamwork-soc-2-compliant/,post exact slug,
/retail-in-review-may-june-rebound-collaboration-immersive-shopping/,/blog/retail-in-review-may-june-rebound-collaboration-immersive-shopping/,post exact slug,
/the-future-of-ai-powered-retail-what-can-we-expect/,/blog/the-future-of-ai-powered-retail-what-can-we-expect/,post exact slug,
/five-minutes-with-william-heckadon-global-sales-director/,/blog/five-minutes-with-william-heckadon-global-sales-director/,post exact slug,
/teamwork-pos-offline-mode-resilience-during-crowdstrike-software-failures/,/blog/teamwork-pos-offline-mode-resilience-during-crowdstrike-software-failures/,post exact slug,
/3-ways-retailers-can-create-a-seamless-checkout-experience-for-customers/,/blog/3-ways-retailers-can-create-a-seamless-checkout-experience-for-customers/,post exact slug,
/paris-olympics-2024-seizing-retail-opportunities-in-the-fashion-capital-of-the-world/,/blog/paris-olympics-2024-seizing-retail-opportunities-in-the-fashion-capital-of-the-world/,post exact slug,
/ensure-retail-consumer-data-privacy-with-the-right-technology/,/blog/ensure-retail-consumer-data-privacy-with-the-right-technology/,post exact slug,
/retail-in-review-july-august/,/blog/retail-in-review-july-august/,post exact slug,
/code-and-commerce-delivering-excellence-in-retail-automation/,/blog/code-and-commerce-delivering-excellence-in-retail-automation/,post exact slug,
/how-can-retailers-lean-on-tech-to-operate-effectively/,/blog/how-can-retailers-lean-on-tech-to-operate-effectively/,post exact slug,
/falling-into-seasonal-change-3-trends-retailers-should-be-prepared-for/,/blog/falling-into-seasonal-change-3-trends-retailers-should-be-prepared-for/,post exact slug,
/3-things-to-ask-before-deploying-a-retail-solution/,/blog/3-things-to-ask-before-deploying-a-retail-solution/,post exact slug,
/oasis-reunion-are-the-90s-back-definitely-maybe/,/blog/oasis-reunion-are-the-90s-back-definitely-maybe/,post exact slug,
/3-strategies-for-retailers-to-deliver-hauntingly-amazing-customer-experiences-this-halloween/,/blog/3-strategies-for-retailers-to-deliver-hauntingly-amazing-customer-experiences-this-halloween/,post exact slug,
/paris-fashion-week-recap-what-can-retailers-take-away-from-a-busy-retail-season/,/blog/paris-fashion-week-recap-what-can-retailers-take-away-from-a-busy-retail-season/,post exact slug,
/the-importance-of-real-time-decision-making-in-a-busy-retail-environment/,/blog/the-importance-of-real-time-decision-making-in-a-busy-retail-environment/,post exact slug,
/vince-deploys-teamwork-commerce-pos-in-its-london-flagship-store/,/blog/vince-deploys-teamwork-commerce-pos-in-its-london-flagship-store/,post exact slug,
/how-can-retailers-deliver-spook-tacular-shopping-experiences-this-halloween/,/blog/how-can-retailers-deliver-spook-tacular-shopping-experiences-this-halloween/,post exact slug,
/the-importance-of-supply-chain-visibility-in-retail-decision-making/,/blog/the-importance-of-supply-chain-visibility-in-retail-decision-making/,post exact slug,
/black-friday-2024-what-should-retailers-be-prepared-for/,/blog/black-friday-2024-what-should-retailers-be-prepared-for/,post exact slug,
/solutions-that-sleigh-how-availability-and-speed-can-prepare-retailers-for-last-minute-christmas-shoppers/,/blog/solutions-that-sleigh-how-availability-and-speed-can-prepare-retailers-for-last-minute-christmas-shoppers/,post exact slug,
/ho-ho-holidays-are-here-retail-in-review-november-december-uk/,/blog/ho-ho-holidays-are-here-retail-in-review-november-december-uk/,post exact slug,
/3-ways-retailers-can-capitalize-on-holiday-sales/,/blog/3-ways-retailers-can-capitalize-on-holiday-sales/,post exact slug,
/the-modern-supply-chain-runs-on-rfid/,/blog/the-modern-supply-chain-runs-on-rfid/,post exact slug,
/3-top-tier-trends-to-expect-at-nrf-2025/,/blog/3-top-tier-trends-to-expect-at-nrf-2025/,post exact slug,
/the-rise-of-rental-fashion-why-borrowing-is-the-new-buying/,/blog/the-rise-of-rental-fashion-why-borrowing-is-the-new-buying/,post exact slug,
/nrf-2025-3-key-takeaways-from-retails-big-show/,/blog/nrf-2025-3-key-takeaways-from-retails-big-show/,post exact slug,
/avoiding-promotion-fatigue-crafting-impactful-holiday-campaigns/,/blog/avoiding-promotion-fatigue-crafting-impactful-holiday-campaigns/,post exact slug,
/look-back-at-2024-uk-retail-trends-in-review/,/blog/look-back-at-2024-uk-retail-trends-in-review/,post exact slug,
/retail-in-2025-3-predictions-for-the-industry/,/blog/retail-in-2025-3-predictions-for-the-industry/,post exact slug,
/4-key-considerations-for-retailers-in-2025/,/blog/4-key-considerations-for-retailers-in-2025/,post exact slug,
/in-store-retail-resurgence-is-clear-for-all-to-see/,/blog/in-store-retail-resurgence-is-clear-for-all-to-see/,post exact slug,
/4-resolutions-for-retailers-in-2025/,/blog/4-resolutions-for-retailers-in-2025/,post exact slug,
/the-future-of-stadium-retail-super-bowl-2025s-high-tech-shopping-experience/,/blog/the-future-of-stadium-retail-super-bowl-2025s-high-tech-shopping-experience/,post exact slug,
/ai-driven-personalization-tailoring-the-customer-experience/,/blog/ai-driven-personalization-tailoring-the-customer-experience/,post exact slug,
/rfid-in-retail-creating-a-foundation-of-simplicity-for-brands/,/blog/rfid-in-retail-creating-a-foundation-of-simplicity-for-brands/,post exact slug,
/celebrating-global-connection-teamwork-commerce-walks-together-on-world-walking-day-2024/,/blog/celebrating-global-connection-teamwork-commerce-walks-together-on-world-walking-day-2024/,post exact slug,
/moose-knuckles-x-teamwork-commerce-enhancing-the-customer-journey/,/blog/moose-knuckles-x-teamwork-commerce-enhancing-the-customer-journey/,post exact slug,
/asics-and-teamwork-commerce-revolutionizing-retail-with-cutting-edge-pos-solutions/,/blog/asics-and-teamwork-commerce-revolutionizing-retail-with-cutting-edge-pos-solutions/,post exact slug,
/navigating-returns-and-fraud-spikes-in-2025/,/blog/navigating-returns-and-fraud-spikes-in-2025/,post exact slug,
/driving-real-time-inventory-visibility-with-item-level-rfid/,/blog/driving-real-time-inventory-visibility-with-item-level-rfid/,post exact slug,
/how-retailers-can-craft-impactful-campaigns-to-thrive-in-2025/,/blog/how-retailers-can-craft-impactful-campaigns-to-thrive-in-2025/,post exact slug,
/augmented-reality-in-retail/,/blog/augmented-reality-in-retail/,post exact slug,
/is-rfid-powered-self-checkout-the-answer-to-in-store-transactions/,/blog/is-rfid-powered-self-checkout-the-answer-to-in-store-transactions/,post exact slug,
/3-reasons-why-so-many-customers-are-returning-to-bricks-and-mortar/,/blog/3-reasons-why-so-many-customers-are-returning-to-bricks-and-mortar/,post exact slug,
/retail-in-review-2025-begins-with-continued-ai-momentum-and-a-positive-outlook/,/blog/retail-in-review-2025-begins-with-continued-ai-momentum-and-a-positive-outlook/,post exact slug,
/the-growing-value-of-pop-up-retail/,/blog/the-growing-value-of-pop-up-retail/,post exact slug,
/lucchese-deploys-teamwork-commerce-solution-across-all-stores/,/blog/lucchese-deploys-teamwork-commerce-solution-across-all-stores/,post exact slug,
/teamwork-commerce-partners-with-shippypro-to-support-growth-and-strengthen-fulfilment-capabilities/,/blog/teamwork-commerce-partners-with-shippypro-to-support-growth-and-strengthen-fulfilment-capabilities/,post exact slug,
/bluebird-and-teamwork-commerce-unveil-game-changing-rfid-solution/,/blog/bluebird-and-teamwork-commerce-unveil-game-changing-rfid-solution/,post exact slug,
/vento-motorcycles-u-s-a-adopts-teamwork-commerces-omnichannel-retail-solution-to-accelerate-expansion-in-mexico/,/blog/vento-motorcycles-u-s-a-adopts-teamwork-commerces-omnichannel-retail-solution-to-accelerate-expansion-in-mexico/,post exact slug,
/online-physical-retail-how-can-brands-meet-customers-in-the-middle/,/blog/online-physical-retail-how-can-brands-meet-customers-in-the-middle/,post exact slug,
/cooling-down-returns-3-ways-retailers-can-streamline-their-reverse-supply-chain-this-summer/,/blog/cooling-down-returns-3-ways-retailers-can-streamline-their-reverse-supply-chain-this-summer/,post exact slug,
/driving-retail-customer-experiences-through-collaboration-and-partnership/,/blog/driving-retail-customer-experiences-through-collaboration-and-partnership/,post exact slug,
/the-changing-scene-for-brick-and-mortar-stores-why-modernisation-is-key-for-brands/,/blog/the-changing-scene-for-brick-and-mortar-stores-why-modernisation-is-key-for-brands/,post exact slug,
/fao-schwarz-delivers-magical-retail-experiences-with-teamwork-commerces-mobile-pos/,/blog/fao-schwarz-delivers-magical-retail-experiences-with-teamwork-commerces-mobile-pos/,post exact slug,
/expert-retail-insights-david-mauerer-simplify-streamline-succeed/,/blog/expert-retail-insights-david-mauerer-simplify-streamline-succeed/,post exact slug,
/tech-trends-that-have-been-heating-up-the-summer-so-far/,/blog/tech-trends-that-have-been-heating-up-the-summer-so-far/,post exact slug,
/city-beach-boosts-global-growth-with-teamwork-commerces-unified-pos-and-omnichannel-solutions/,/blog/city-beach-boosts-global-growth-with-teamwork-commerces-unified-pos-and-omnichannel-solutions/,post exact slug,
/revolutionizing-inventory-management-teamwork-commerce-bluebird-rfr-901/,/blog/revolutionizing-inventory-management-teamwork-commerce-bluebird-rfr-901/,post exact slug,
/from-ice-rink-to-innovation-how-sports-basement-transformed-retail-with-teamwork-commerce/,/blog/from-ice-rink-to-innovation-how-sports-basement-transformed-retail-with-teamwork-commerce/,post exact slug,
/monetizing-the-moment-how-sports-basement-and-teamwork-commerce-are-redefining-in-store-advertising/,/blog/monetizing-the-moment-how-sports-basement-and-teamwork-commerce-are-redefining-in-store-advertising/,post exact slug,
/teamwork-cares-mexico-gives-back-to-local-animal-shelter-2/,/blog/teamwork-cares-mexico-gives-back-to-local-animal-shelter-2/,post exact slug,
/teamwork-cares-participated-in-the-pack-a-snack-event-at-hob-brewing-company/,/blog/teamwork-cares-participated-in-the-pack-a-snack-event-at-hob-brewing-company/,post exact slug,
/teamwork-cares-participated-in-another-pack-a-snack-event-at-hob-brewing-company/,/blog/teamwork-cares-participated-in-another-pack-a-snack-event-at-hob-brewing-company/,post exact slug,
/teamwork-cares-mexico-gives-back-to-local-hospital/,/blog/teamwork-cares-mexico-gives-back-to-local-hospital/,post exact slug,
/teamwork-cares-partners-with-local-schools/,/blog/teamwork-cares-partners-with-local-schools/,post exact slug,
/teamwork-commerce-partners-with-art-computer-to-power-next-generation-apple-retail-in-switzerland/,/blog/teamwork-commerce-partners-with-art-computer-to-power-next-generation-apple-retail-in-switzerland/,post exact slug,
/carolina-hurricanes-retail-transformation/,/blog/carolina-hurricanes-retail-transformation/,post exact slug,
/ai-and-the-future-of-apparel-retail-how-to-create-seamless-omnichannel-experiences/,/blog/ai-and-the-future-of-apparel-retail-how-to-create-seamless-omnichannel-experiences/,post exact slug,
/supporting-local-residents-after-hurricane-milton/,/blog/supporting-local-residents-after-hurricane-milton/,post exact slug,
/spreading-holiday-cheer-through-donations/,/blog/spreading-holiday-cheer-through-donations/,post exact slug,
/teamwork-commerce-donates-125-backpacks-to-pinellas-county-schools-for-back-to-school-support/,/blog/teamwork-commerce-donates-125-backpacks-to-pinellas-county-schools-for-back-to-school-support/,post exact slug,
/giving-back-in-queretaro-a-holiday-effort-that-made-a-difference/,/blog/giving-back-in-queretaro-a-holiday-effort-that-made-a-difference/,post exact slug,
/spreading-holiday-cheer-in-clearwater/,/blog/spreading-holiday-cheer-in-clearwater/,post exact slug,
/art-computers-digital-transformation-with-teamwork-commerce/,/blog/art-computers-digital-transformation-with-teamwork-commerce/,post exact slug,
/teamwork-cares-supports-empowherment-for-international-womens-day/,/blog/teamwork-cares-supports-empowherment-for-international-womens-day/,post exact slug,
/how-moose-knuckles-delivers-global-retail-excellence-with-adyen-teamwork-commerce/,/blog/how-moose-knuckles-delivers-global-retail-excellence-with-adyen-teamwork-commerce/,post exact slug,
/practical-ai-in-retail-whats-hype-vs-whats-real-in-2025/,/blog/practical-ai-in-retail-whats-hype-vs-whats-real-in-2025/,post exact slug,
/embracing-new-concepts-vs-the-return-to-brick-and-mortar/,/blog/embracing-new-concepts-vs-the-return-to-brick-and-mortar/,post exact slug,
/retail-tech-moves-fast-and-so-should-you/,/blog/retail-tech-moves-fast-and-so-should-you/,post exact slug,
/how-can-ai-take-the-burden-off-retail-staff/,/blog/how-can-ai-take-the-burden-off-retail-staff/,post exact slug,
/how-is-technology-reviving-apparel-brands/,/blog/how-is-technology-reviving-apparel-brands/,post exact slug,
/warehouse-to-checkout-optimizing-retail-inventory-with-integrated-technology/,/blog/warehouse-to-checkout-optimizing-retail-inventory-with-integrated-technology/,post exact slug,
/teamwork-commerce-and-hubtiger-partner-to-unlock-repair-opportunities-for-retailers/,/blog/teamwork-commerce-and-hubtiger-partner-to-unlock-repair-opportunities-for-retailers/,post exact slug,
/powering-high-performance-retail-at-one-of-the-worlds-largest-sporting-events/,/blog/powering-high-performance-retail-at-one-of-the-worlds-largest-sporting-events/,post exact slug,
/teamwork-cares-supports-oldsmar-cares-with-summer-donation-drive/,/blog/teamwork-cares-supports-oldsmar-cares-with-summer-donation-drive/,post exact slug,
/3-key-takeaways-from-nrf-retails-big-show/,/blog/nrf-2025-3-key-takeaways-from-retails-big-show/,post near match,slug similarity 1.0
/rfid-powered-self-checkout/,/blog/is-rfid-powered-self-checkout-the-answer-to-in-store-transactions/,post near match,slug similarity 0.57
/retail-review-may-june-2023/,/blog/retail-in-review-may-june-rebound-collaboration-immersive-shopping/,post near match,slug similarity 0.5
/cooling-down-returns-3-ways-retailers-can-streamline-their-reverse-supply-chain-this-summer-2/,/blog/cooling-down-returns-3-ways-retailers-can-streamline-their-reverse-supply-chain-this-summer/,post near match,slug similarity 1.0
/driving-retail-customer-experiences-through-collaboration-and-partnership-2/,/blog/driving-retail-customer-experiences-through-collaboration-and-partnership/,post near match,slug similarity 1.0
/asics-europe-expands-global-partnership-with-teamwork-commerce/,/blog/asics-europe-strengthens-its-global-partnership-with-teamwork-commerce/,post near match,slug similarity 0.75
/mlb-all-star-host-2021-colorado-rockies-elevate-omnichannel-experience-for-fans/,/blog/colorado-rockies-mlb-all-star-week/,post renamed,"same story, new slug"
/lammles-brings-teamwork-commerce-to-the-calgary-stampede/,/blog/lammles-western-wear-calgary-stampede/,post renamed,"same story, new slug"
/rethink-retail-podcast-michael-mauerer/,/blog/,post not migrated,no equivalent; blog index
/conscious-consumerism-genz/,/blog/,post not migrated,no equivalent; blog index
/takeaways-euroshop-2023/,/events/,post not migrated,no equivalent; by topic (nrf)
/iwd-2023-why-collaboration-is-key-to-embracing-gender-equity/,/blog/,post not migrated,no equivalent; blog index
/blockchain-ecommerce-digital-payments/,/blog/,post not migrated,no equivalent; blog index
/evolving-retail-tech-stack/,/blog/,post not migrated,no equivalent; blog index
/teamwork-commerce-to-showcase-rfid-self-checkout-at-euroshop-2023/,/case-studies/,post not migrated,no equivalent; by topic (case)
/technology-drive-scalability/,/blog/,post not migrated,no equivalent; blog index
/driving-personalization-with-individualized-clienteling/,/features/customer-data/,post not migrated,no equivalent; by topic (clientel)
/order-management-key-2023-success/,/platform/oms/,post not migrated,no equivalent; by topic (order-management)
/3-consumer-shifts-in-fashion-retail-2023/,/blog/,post not migrated,no equivalent; blog index
/pos-essential-feature/,/platform/mobile-pos/,post not migrated,no equivalent; by topic (point-of-sale)
/customer-loyalty-programs/,/features/customer-data/,post not migrated,no equivalent; by topic (clientel)
/omnichannel-best-practices/,/platform/oms/,post not migrated,no equivalent; by topic (order-management)
/google-cloud-teamwork-commerce/,/blog/,post not migrated,no equivalent; blog index
/teamwork-commerce-accelerates-the-growth-of-enterprise-retailers/,/blog/,post not migrated,no equivalent; blog index
/choose-the-best-pos/,/platform/mobile-pos/,post not migrated,no equivalent; by topic (point-of-sale)
/consumer-trends-2023/,/blog/,post not migrated,no equivalent; blog index
/omnichannel-bookstore/,/platform/oms/,post not migrated,no equivalent; by topic (order-management)
/evolving-retail-in-2023/,/blog/,post not migrated,no equivalent; blog index
/discover-nrf-2023/,/events/,post not migrated,no equivalent; by topic (nrf)
/what-trends-will-shape-retail-businesses-in-2023/,/blog/,post not migrated,no equivalent; blog index
/presales-engineer/,/blog/,post not migrated,no equivalent; blog index
/retail-outlook-in-latin-america-peru/,/blog/,post not migrated,no equivalent; blog index
/holiday-shopping-guide/,/blog/,post not migrated,no equivalent; blog index
/must-know-retail-strategies-for-the-holiday-season/,/blog/,post not migrated,no equivalent; blog index
/everything-you-need-to-know-about-a-crm-from-a-retailers-perspective/,/features/customer-data/,post not migrated,no equivalent; by topic (clientel)
/13-ways-to-make-black-friday-cyber-monday-sales-a-success-for-your-retail-business/,/blog/,post not migrated,no equivalent; blog index
/teamwork-commerce-partners-with-scandit-to-provide-smart-data-capture-in-mobile-pos/,/platform/mobile-pos/,post not migrated,no equivalent; by topic (point-of-sale)
/how-retailers-can-boost-customer-experience-amid-labor-shortages/,/features/customer-data/,post not migrated,no equivalent; by topic (clientel)
/adyen-partners-with-teamwork-commerce-to-provide-frictionless-integrated-payments-for-retailers/,/press-room/,post not migrated,no equivalent; by topic (press)
/retail-outlook-in-latin-america-argentina/,/blog/,post not migrated,no equivalent; blog index
/weber-expands-to-latin-america-with-teamwork-commerce-omnichannel-solution/,/platform/oms/,post not migrated,no equivalent; by topic (order-management)
/how-latin-american-retailers-take-advantage-of-virtual-and-augmented-reality/,/blog/,post not migrated,no equivalent; blog index
/how-to-use-your-pos-system-to-improve-your-retail-marketing-strategy-and-boost-sales/,/platform/mobile-pos/,post not migrated,no equivalent; by topic (point-of-sale)
/why-a-pos-system-is-essential-for-your-retail-jewelry-stores/,/platform/mobile-pos/,post not migrated,no equivalent; by topic (point-of-sale)
/10-ways-to-improve-your-inventory-management-strategy/,/platform/inventory-control/,post not migrated,no equivalent; by topic (inventory)
/10-ways-to-boost-customer-satisfaction-in-retail-businesses/,/blog/,post not migrated,no equivalent; blog index
/what-retail-businesses-need-to-know-before-taking-the-leap-to-the-retail-metaverse/,/blog/,post not migrated,no equivalent; blog index
/shopping-centers-of-the-future-which-trends-will-mark-the-future-of-retail/,/blog/,post not migrated,no equivalent; blog index
/how-prioritizing-social-impact-purpose-can-help-your-retail-business/,/blog/,post not migrated,no equivalent; blog index
/retail-tech-leaders-showcase-trends-at-paris-retail-week-2022/,/case-studies/,post not migrated,no equivalent; by topic (case)
/how-technology-is-helping-retail-evolve-to-gen-z/,/blog/,post not migrated,no equivalent; blog index
/why-video-content-marketing-is-so-important-for-retail-online-sales/,/blog/,post not migrated,no equivalent; blog index
/navigating-changing-consumers-habits-with-order-management/,/platform/oms/,post not migrated,no equivalent; by topic (order-management)
/teamwork-commerce-to-exhibit-at-paris-retail-week/,/blog/,post not migrated,no equivalent; blog index
/how-can-retailers-leverage-technology-to-prosper-during-the-festive-peak/,/blog/,post not migrated,no equivalent; blog index
/7-ways-to-improve-your-stores-pos-experience/,/platform/mobile-pos/,post not migrated,no equivalent; by topic (point-of-sale)
/influencer-marketing-for-retail-businesses-in-2022/,/blog/,post not migrated,no equivalent; blog index
/marketing-tradeshow-coordinator/,/events/,post not migrated,no equivalent; by topic (nrf)
/enhance-the-communication-with-your-customers-using-ai/,/platform/analytics/,post not migrated,no equivalent; by topic (analytic)
/teamwork-commerce-partners-with-endear-to-provide-in-store-clienteling-solution-for-retailers/,/features/customer-data/,post not migrated,no equivalent; by topic (clientel)
/trends-and-technologies-that-build-the-future-of-retail/,/blog/,post not migrated,no equivalent; blog index
/hitting-a-home-run-with-stadium-arena-pos/,/platform/mobile-pos/,post not migrated,no equivalent; by topic (point-of-sale)
/panorama-of-retail-in-latin-america-brazil/,/blog/,post not migrated,no equivalent; blog index
/why-clienteling-is-important-for-the-retail-industry/,/features/customer-data/,post not migrated,no equivalent; by topic (clientel)
/teamwork-featured-clover-sport-enhances-fan-experiences-and-streamlines-stadium-operations-globally/,/blog/,post not migrated,no equivalent; blog index
/cocktails-for-kyiv-video/,/blog/,post not migrated,no equivalent; blog index
/tori-richard-rides-tech-wave/,/blog/,post not migrated,no equivalent; blog index
/an-all-encompassing-approach-to-cloud-based-retail-crm/,/features/customer-data/,post not migrated,no equivalent; by topic (clientel)
/teamwork-commerce-partners-with-connected-retail-by-zalando-to-create-a-customer-centric-omnichannel-experience/,/platform/oms/,post not migrated,no equivalent; by topic (order-management)
/5-strategies-to-increase-your-sales-with-a-point-of-sale-software/,/platform/mobile-pos/,post not migrated,no equivalent; by topic (point-of-sale)
/experiential-retail-balancing-online-in-store-for-a-unified-shopping-experience/,/blog/,post not migrated,no equivalent; blog index
/sales-marketing-assistant/,/blog/,post not migrated,no equivalent; blog index
/hr-manager/,/blog/,post not migrated,no equivalent; blog index
/how-to-choose-the-best-point-of-sale-software-for-your-retail-company/,/platform/mobile-pos/,post not migrated,no equivalent; by topic (point-of-sale)
/project-manager-2/,/blog/,post not migrated,no equivalent; blog index
/zapaterias-candy-incorporates-an-omnichannel-retail-strategy-together-with-teamwork-commerce/,/platform/oms/,post not migrated,no equivalent; by topic (order-management)
/the-importance-of-a-global-pos-system/,/platform/mobile-pos/,post not migrated,no equivalent; by topic (point-of-sale)
/chinas-luxury-retail-boom-its-impact-on-international-brands/,/blog/,post not migrated,no equivalent; blog index
/case-study-flipbook/,/case-studies/,post not migrated,no equivalent; by topic (case)
/keys-to-a-customer-centric-approach-that-retains-retail-customers/,/blog/,post not migrated,no equivalent; blog index
/branding-and-events-manager/,/events/,post not migrated,no equivalent; by topic (nrf)
/mpos-why-its-a-must-in-2022/,/platform/mobile-pos/,post not migrated,no equivalent; by topic (point-of-sale)
/french-pos-flipbook/,/platform/mobile-pos/,post not migrated,no equivalent; by topic (point-of-sale)
/l2-support-engineer/,/blog/,post not migrated,no equivalent; blog index
/5-keys-for-a-successful-omnichannel-strategy/,/platform/oms/,post not migrated,no equivalent; by topic (order-management)
/sports-teams-investing-billions-in-stadiums-to-increase-revenue-heres-how/,/blog/,post not migrated,no equivalent; blog index
/senior-design-team-technical-product-and-ux-writer/,/blog/,post not migrated,no equivalent; blog index
/shoptalk-cocktail-hour/,/events/,post not migrated,no equivalent; by topic (nrf)
/brands-to-watch-in-2022-nft-projects-in-the-fashion-and-beauty-industry/,/blog/,post not migrated,no equivalent; blog index
/how-gen-z-is-changing-the-retail-industry/,/blog/,post not migrated,no equivalent; blog index
/project-manager/,/blog/,post not migrated,no equivalent; blog index
/marketing-specialist/,/blog/,post not migrated,no equivalent; blog index
/why-the-booming-ecommerce-business-is-going-brick-and-mortar-in-2022/,/blog/,post not migrated,no equivalent; blog index
/teamwork-commerce-partners-with-google-cloud-to-deliver-seamless-shopping/,/press-room/,post not migrated,no equivalent; by topic (press)
/application-specialist-clearwater/,/blog/,post not migrated,no equivalent; blog index
/application-specialist-ukraine/,/blog/,post not migrated,no equivalent; blog index
/how-retailers-can-succeed-in-the-era-of-covid-2022/,/blog/,post not migrated,no equivalent; blog index
/teamwork-vendor-risk-assessment-form/,/blog/,post not migrated,no equivalent; blog index
/italian-pos-flipbook/,/platform/mobile-pos/,post not migrated,no equivalent; by topic (point-of-sale)
/6-exciting-2022-retail-trends-to-watch/,/blog/,post not migrated,no equivalent; blog index
/5-interactive-store-examples-that-will-make-you-want-to-shop/,/blog/,post not migrated,no equivalent; blog index
/smarter-stores-with-ai-enabled-video-intelligence/,/platform/analytics/,post not migrated,no equivalent; by topic (analytic)
/teamwork-featured-how-centralised-customer-data-platforms-can-drive-retail-growth/,/features/customer-data/,post not migrated,no equivalent; by topic (clientel)
/teamwork-featured-the-fashion-execs-guide-to-the-future-of-stores/,/blog/,post not migrated,no equivalent; blog index
/245862-2/,/blog/,post not migrated,no equivalent; blog index
/spanish-pos-flipbook/,/platform/mobile-pos/,post not migrated,no equivalent; by topic (point-of-sale)
/pos-flipbook-with-japan-case-study/,/case-studies/,post not migrated,no equivalent; by topic (case)
/airtag/,/blog/,post not migrated,no equivalent; blog index
/5-ecommerce-trends-shaping-retail-businesses-in-2022/,/blog/,post not migrated,no equivalent; blog index
/yeti/,/blog/,post not migrated,no equivalent; blog index
/teamwork-named-top-retail-technology-company-in-florida/,/events/,post not migrated,no equivalent; by topic (nrf)
/sustainable-fashion-more-ecological-healthy-and-socially-responsible-clothing/,/blog/,post not migrated,no equivalent; blog index
/how-can-you-grow-revenue-from-your-retail-ecommerce-business/,/blog/,post not migrated,no equivalent; blog index
/what-is-industry-4-0-and-how-to-implement-it-in-your-company/,/blog/,post not migrated,no equivalent; blog index
/google-chrome-and-the-end-of-cookies-what-will-the-impact-be-on-ad-businesses/,/blog/,post not migrated,no equivalent; blog index
/pos-flipbook-with-case-study/,/case-studies/,post not migrated,no equivalent; by topic (case)
/a-guide-to-customers-experience-management-successful-cx-strategies/,/blog/,post not migrated,no equivalent; blog index
/5-technology-trends-transforming-the-retail-industry-after-the-covid19-pandemic/,/blog/,post not migrated,no equivalent; blog index
/4-successful-trends-to-engage-with-consumers/,/blog/,post not migrated,no equivalent; blog index
/scale-customer-experiences-across-platforms-with-teamwork-commerce-adyen/,/features/customer-data/,post not migrated,no equivalent; by topic (clientel)
/after-mass-expansion-and-partnership-with-apple-a-clearwater-startup-is-ready-to-make-itself-known/,/press-room/,post not migrated,no equivalent; by topic (press)
/moose-knuckles-canada-supports-international-growth-with-teamwork-commerce/,/case-studies/,post not migrated,case study: site links to this old URL; migrate or keep on legacy host
/commerce-talks-ep17-satish-sai/,/platform/analytics/,post not migrated,no equivalent; by topic (analytic)
/commerce-talks-ep15-michael-dattoma/,/blog/,post not migrated,no equivalent; blog index
/commerce-talks-ep16-jessica-potts/,/blog/,post not migrated,no equivalent; blog index
/commerce-talks-ep14-jason-wilson/,/blog/,post not migrated,no equivalent; blog index
/commerce-talks-ep13-anthony-aguilar/,/blog/,post not migrated,no equivalent; blog index
/teamwork-shippypro-the-brain-of-retail/,/blog/,post not migrated,no equivalent; blog index
/commerce-talks-ep12-clint-ridenour/,/blog/,post not migrated,no equivalent; blog index
/commerce-talks-ep-11-christopher-rossini-avalara/,/blog/,post not migrated,no equivalent; blog index
/commerce-talks-ep10-scott-cahill/,/blog/,post not migrated,no equivalent; blog index
/modern-tax-automation-for-unified-retail-teamwork-avalara/,/blog/,post not migrated,no equivalent; blog index
/commerce-talks-ep9-teamwork-cares/,/teamwork-cares/,post not migrated,no equivalent; by topic (teamwork-cares)
/commerce-talks-ep8-amber-hovious/,/blog/,post not migrated,no equivalent; blog index
/teamwork-sps-what-is-electronic-data-interchange/,/platform/analytics/,post not migrated,no equivalent; by topic (analytic)
/commerce-talks-ep7-tori-beal/,/blog/,post not migrated,no equivalent; blog index
/commerce-talks-ep6-alex-goodwin/,/blog/,post not migrated,no equivalent; blog index
/commerce-talks-ep5-artem-nikulchenko/,/blog/,post not migrated,no equivalent; blog index
/commerce-talks-ep3-ron-sparks/,/blog/,post not migrated,no equivalent; blog index
/return-to-wonder-in-nyc-with-apple-devices/,/blog/,post not migrated,no equivalent; blog index
/security-or-speed-in-the-payment-process/,/blog/,post not migrated,no equivalent; blog index
/commerce-talks-ep2-leigh-lawrence/,/blog/,post not migrated,no equivalent; blog index
/introducing-commerce-talks-a-teamwork-commerce-podcast/,/blog/,post not migrated,no equivalent; blog index
/feature-partner-socket-mobile/,/press-room/,post not migrated,no equivalent; by topic (press)
/apple-becoming-fixture-in-payments-industry/,/blog/,post not migrated,no equivalent; blog index
/payment-solution-on-your-keychain/,/blog/,post not migrated,no equivalent; blog index
/keep-customers-staff-safe-at-the-point-of-sale/,/platform/mobile-pos/,post not migrated,no equivalent; by topic (point-of-sale)
/apples-ipad-should-not-be-viewed-as-just-consumer-level/,/blog/,post not migrated,no equivalent; blog index
/brewers-expect-sales-jump-with-new-merchandise/,/blog/,post not migrated,no equivalent; blog index
/shoestock-steps-forward-with-teamwork-retail/,/platform/inventory-control/,post not migrated,no equivalent; by topic (inventory)
/cdnetworks-partners-with-teamwork-llc-to-deliver-unprecedented-retail-and-e-commerce-user-experience-in-china/,/press-room/,post not migrated,no equivalent; by topic (press)
/at-fao-schwarz-apples-tech-is-not-a-toy/,/case-studies/,post not migrated,case study: site links to this old URL; migrate or keep on legacy host
/rebecca-minkoff-now-has-self-checkout-at-one-of-her-stores/,/platform/rfid/,post not migrated,no equivalent; by topic (rfid)
/mobile-traffic-poised-for-records-highs/,/blog/,post not migrated,no equivalent; blog index
/teamwork-retail-provides-a-true-cloud-and-ios-omni-channel-solution-for-global-retailers/,/blog/,post not migrated,no equivalent; blog index
/payments-as-a-service-a-consumer-driven-challenge/,/blog/,post not migrated,no equivalent; blog index
/creating-a-unified-commerce-experience-teamwork-shippypro/,/blog/,post not migrated,no equivalent; blog index
/teamwork-retail-selects-epson-to-complete-its-cloud-based-omni-channel-pos-solution/,/platform/mobile-pos/,post not migrated,no equivalent; by topic (point-of-sale)
/the-top-5-obstacles-to-omnichannel-retail-success/,/platform/oms/,post not migrated,no equivalent; by topic (order-management)
/keeping-up-with-the-shifting-retail-scene/,/blog/,post not migrated,no equivalent; blog index
/mobile-becoming-bigger-slice-of-retail-pie/,/blog/,post not migrated,no equivalent; blog index
/creating-a-seamless-point-of-sale-teamwork-epson/,/platform/mobile-pos/,post not migrated,no equivalent; by topic (point-of-sale)
/will-apple-spur-mobile-pos/,/platform/mobile-pos/,post not migrated,no equivalent; by topic (point-of-sale)
/how-minimizing-email-churn-can-fix-your-deliverability/,/blog/,post not migrated,no equivalent; blog index
/armoractive-and-teamwork-retail-launch-ipad-point-of-sale-systems-in-jay-zs-rocawear-retail-stores/,/platform/mobile-pos/,post not migrated,no equivalent; by topic (point-of-sale)
/2023-nrf-guide/,/events/,post not migrated,no equivalent; by topic (nrf)
/job-application/,/careers/,post not migrated,no equivalent; by topic (career)
/customized-experiences-data-privacy/,/platform/analytics/,post not migrated,no equivalent; by topic (analytic)
/museums-pos-boost-profitability/,/platform/mobile-pos/,post not migrated,no equivalent; by topic (point-of-sale)
/moma-design-store-to-reopen-next-month/,/blog/,post not migrated,no equivalent; blog index
/pos-hardware-investments-up-during-first-half-of-2014/,/platform/mobile-pos/,post not migrated,no equivalent; by topic (point-of-sale)
/elevate-omnichannel-capabilities-2023/,/platform/oms/,post not migrated,no equivalent; by topic (order-management)
/retail-in-review-april-2023/,/blog/,post not migrated,no equivalent; blog index
/enhance-data-operational-reporting/,/platform/analytics/,post not migrated,no equivalent; by topic (analytic)
/fashion-retailers-win-modern-customers/,/blog/,post not migrated,no equivalent; blog index
/utilizing-effective-order-management-to-minimize-returns/,/platform/oms/,post not migrated,no equivalent; by topic (order-management)
/ways-of-maintaining-positive-mental-health-in-the-workplace/,/blog/,post not migrated,no equivalent; blog index
/4-ways-rfid-powered-self-checkout-is-revolutionizing-the-retail-industry/,/platform/rfid/,post not migrated,no equivalent; by topic (rfid)
/five-minutes-with-ana-santana-business-development-executive/,/blog/,post not migrated,no equivalent; blog index
/salestechstar-interview-with-aleksander-martyshko-senior-mobile-software-architect-at-teamwork-commerce/,/blog/,post not migrated,no equivalent; blog index
/the-key-to-prospering-during-the-summers-shopping-peak/,/blog/,post not migrated,no equivalent; blog index
/overcoming-supply-chain-challenges-with-an-all-encompassing-technology-solution/,/blog/,post not migrated,no equivalent; blog index
/enterprise-retailers-modern-tech-strategy/,/blog/,post not migrated,no equivalent; blog index
/petco-mexico-and-teamwork-commerce-join-forces-to-revolutionize-the-pet-industry/,/case-studies/,post not migrated,case study: site links to this old URL; migrate or keep on legacy host
/project-manager-ireland/,/blog/,post not migrated,no equivalent; blog index
/customer-loyalty-2023-summer-shopping/,/features/customer-data/,post not migrated,no equivalent; by topic (clientel)
/communications-manager/,/blog/,post not migrated,no equivalent; blog index
/exceptional-customer-service/,/blog/,post not migrated,no equivalent; blog index
/how-teamwork-commerce-is-helping-retail-become-more-sustainable/,/blog/,post not migrated,no equivalent; blog index
/partner-manager-north-america/,/press-room/,post not migrated,no equivalent; by topic (press)
/how-does-an-all-encompassing-retail-solution-benefit-high-end-apparel-retailers/,/blog/,post not migrated,no equivalent; blog index
/evolving-retail-the-need-to-elevate-omnichannel-capabilities/,/platform/oms/,post not migrated,no equivalent; by topic (order-management)
/how-retailers-can-navigate-a-world-of-instant-gratification/,/blog/,post not migrated,no equivalent; blog index
/sought-after-convenience-pos/,/platform/mobile-pos/,post not migrated,no equivalent; by topic (point-of-sale)
/modern-consumer-expectations/,/blog/,post not migrated,no equivalent; blog index
/effective-returns-management-growth/,/blog/,post not migrated,no equivalent; blog index
/pay-by-link-adyen-teamwork/,/press-room/,post not migrated,no equivalent; by topic (press)
/customer-centric-strategy-retail/,/blog/,post not migrated,no equivalent; blog index
/mobile-pos-vs-rfid-self-checkout/,/platform/rfid/,post not migrated,no equivalent; by topic (rfid)
/retail-review-ai-security-enhanced-xperiences/,/platform/analytics/,post not migrated,no equivalent; by topic (analytic)
/omnichannel-retail-solution-customer-experience-forbes/,/features/customer-data/,post not migrated,no equivalent; by topic (clientel)
/5-minutes-with-a-teamwork-expert-meet-olimpia-pasaye/,/blog/,post not migrated,no equivalent; blog index
/3-reasons-why-mobile-pos-will-transform-your-retail-operations/,/platform/mobile-pos/,post not migrated,no equivalent; by topic (point-of-sale)
/business-development-executive/,/blog/,post not migrated,no equivalent; blog index
/tipping-off-the-right-way-3-ways-sports-teams-can-maximize-merch-sales-ahead-of-the-new-season/,/blog/,post not migrated,no equivalent; blog index
/3-key-takeaways-from-new-york-fashion-week-2023/,/blog/,post not migrated,no equivalent; blog index
/account-executive/,/blog/,post not migrated,no equivalent; blog index
/close-year-retail/,/blog/,post not migrated,no equivalent; blog index
/fortify-data-cybersecurity-awareness-month-2023/,/platform/analytics/,post not migrated,no equivalent; by topic (analytic)
/teamwork-commerce-to-build-new-generative-ai-powered-features-with-google-cloud/,/platform/analytics/,post not migrated,no equivalent; by topic (analytic)
/partner-marketing-specialist/,/press-room/,post not migrated,no equivalent; by topic (press)
/creep-it-real-tricks-treats-for-retailers/,/blog/,post not migrated,no equivalent; blog index
/personalized-customer-experiences-data-privacy/,/features/customer-data/,post not migrated,no equivalent; by topic (clientel)
/convenient-personalized-seamless-retail-experiences/,/features/customer-data/,post not migrated,no equivalent; by topic (clientel)
/retail-in-review-festivehype-sustainability-generative-ai/,/platform/analytics/,post not migrated,no equivalent; by topic (analytic)
/nrf/,/events/,post not migrated,no equivalent; by topic (nrf)
/application-specialist-dublin/,/blog/,post not migrated,no equivalent; blog index
/navigate-black-friday-chaos-with-technology/,/blog/,post not migrated,no equivalent; blog index
/sales-director-eu/,/blog/,post not migrated,no equivalent; blog index
/5-minutes-with-a-teamwork-expert-bo-zavorotniy/,/blog/,post not migrated,no equivalent; blog index
/retailist-black-friday-retailer-biggest-nightmare-blessing/,/blog/,post not migrated,no equivalent; blog index
/retail-technologies-grateful-thanksgiving/,/blog/,post not migrated,no equivalent; blog index
/wider-retail-vision-for-busy-shopping-periods-forbes/,/blog/,post not migrated,no equivalent; blog index
/teamwork-commerce-innovasport/,/blog/,post not migrated,no equivalent; blog index
/nrf-2024-key-trends-to-keep-an-eye-on/,/events/,post not migrated,no equivalent; by topic (nrf)
/minimize-shrink-without-sacrificing-experience/,/blog/,post not migrated,no equivalent; blog index
/perfecting-order-management-3-key-tips/,/platform/oms/,post not migrated,no equivalent; by topic (order-management)
/all-i-want-for-christmas-super-saturday-succeed/,/blog/,post not migrated,no equivalent; blog index
/mobile-pos-the-in-store-renaissance/,/platform/mobile-pos/,post not migrated,no equivalent; by topic (point-of-sale)
/increase-2024-january-sales-retail-technology/,/events/,post not migrated,no equivalent; by topic (nrf)
/retail-in-review-2024-preparations-begin/,/blog/,post not migrated,no equivalent; blog index
/2023-provided-steady-growth-rfid/,/platform/rfid/,post not migrated,no equivalent; by topic (rfid)
/paul-stuart-adopts-omnichannel-retail-strategy-with-teamwork-commerce/,/platform/oms/,post not migrated,no equivalent; by topic (order-management)
/prada-shoes-improves-customer-experience-teamwork-commerce-omnichannel-platform/,/case-studies/,post not migrated,case study: site links to this old URL; migrate or keep on legacy host
/princesse-tam-tam-and-comptoir-des-cotonniers-ptt-cdc/,/case-studies/,post not migrated,case study: site links to this old URL; migrate or keep on legacy host
/royal-pets-simplifies-their-store-operations/,/blog/,post not migrated,no equivalent; blog index
/teamwork-retail-using-microsoft-azure-and-appscale-to-provide-the-next-gen-retail-experience/,/blog/,post not migrated,no equivalent; blog index
/the-new-stand-improves-days-and-mobility/,/case-studies/,post not migrated,case study: site links to this old URL; migrate or keep on legacy host
/fao-schwarz-reopens-with-the-help-of-cutting-edge-retail-technology/,/case-studies/,post not migrated,case study: site links to this old URL; migrate or keep on legacy host
/asics-outperforms-itself-with-teamwork-in-the-36th-edition-of-fathers-day-race/,/blog/,post not migrated,no equivalent; blog index
/moose-knuckles-canada-furthers-their-omnichannel-presence-with-teamwork-commerce/,/case-studies/,post not migrated,case study: site links to this old URL; migrate or keep on legacy host
/lava-loyalty-recognition-point-of-sale/,/features/customer-data/,post not migrated,no equivalent; by topic (clientel)
/streamlining-operations-total-retail-competitive-edge/,/blog/,post not migrated,no equivalent; blog index
/key-takeaways-from-a-crazy-nrf-2024-recap/,/events/,post not migrated,no equivalent; by topic (nrf)
/tech-holism-retailers-operational-efficiency-forbes/,/blog/,post not migrated,no equivalent; blog index
/how-to-balance-online-and-brick-and-mortar-retail-operations/,/blog/,post not migrated,no equivalent; blog index
/super-bowl-ultimate-fan-experience/,/blog/,post not migrated,no equivalent; blog index
/consumer-trends-2024-changes/,/blog/,post not migrated,no equivalent; blog index
/4-reasons-why-we-love-retail/,/blog/,post not migrated,no equivalent; blog index
/next-level-retail-elevating-operations-with-the-right-technology/,/blog/,post not migrated,no equivalent; blog index
/2024-retail-predictions-from-brick-and-mortar-to-click-and-order/,/blog/,post not migrated,no equivalent; blog index
/reiss-teamwork-commerce-us-stores/,/blog/,post not migrated,no equivalent; blog index
/top-retail-tech-trends-in-2024-retail-sector/,/blog/,post not migrated,no equivalent; blog index
/easter-shopping-deliver-eggcellent-customer-experiences/,/features/customer-data/,post not migrated,no equivalent; by topic (clientel)
/loss-prevention-inventory-management-shrink/,/platform/inventory-control/,post not migrated,no equivalent; by topic (inventory)
/empowering-women-conversation-amber-hovious/,/blog/,post not migrated,no equivalent; blog index
/uk-retail-in-review-recession-what-to-expect/,/blog/,post not migrated,no equivalent; blog index
/empowherment-teamwork-commerce-womens-success/,/blog/,post not migrated,no equivalent; blog index
/teamwork-commerce-raises-another-2500-for-ukraine-crisis-at-london-sound-of-fashion-event/,/events/,post not migrated,no equivalent; by topic (nrf)
/charity-challenge-turkey-syria/,/teamwork-cares/,post not migrated,no equivalent; by topic (teamwork-cares)
/ukrainian-chocolates-for-support/,/blog/,post not migrated,no equivalent; blog index
/teamwork-commerce-contributes-to-ukraine-relief-takes-the-total-to-150000/,/blog/,post not migrated,no equivalent; blog index
/care-for-ukraine-charity-event-teamwork-cares/,/events/,post not migrated,no equivalent; by topic (nrf)
/how-retailers-can-utilize-tech-to-empower-workforces/,/blog/,post not migrated,no equivalent; blog index
/5-minutes-with-a-teamwork-victor-borjas/,/blog/,post not migrated,no equivalent; blog index
/net-zero-week-3-ways-technology-can-help-retailers-improve-environmental-impact/,/blog/,post not migrated,no equivalent; blog index
/2023-impact-retail-development/,/blog/,post not migrated,no equivalent; blog index
/ai-in-retail-high-quality-experiences/,/platform/analytics/,post not migrated,no equivalent; by topic (analytic)
/teamwork-loqate-look-up-checkout/,/platform/mobile-pos/,post not migrated,no equivalent; by topic (point-of-sale)
/uk-shopping-sentiment/,/blog/,post not migrated,no equivalent; blog index
/merch-obsessed-euro-championship/,/blog/,post not migrated,no equivalent; blog index
/how-ai-is-powering-next-gen-digital-experiences/,/platform/analytics/,post not migrated,no equivalent; by topic (analytic)
/tech-implementation-retail-forbes/,/blog/,post not migrated,no equivalent; blog index
/teamwork-commerce-habitat-for-humanity/,/blog/,post not migrated,no equivalent; blog index
/uk-retail-in-review-march-april-tech-growth-ai/,/platform/analytics/,post not migrated,no equivalent; by topic (analytic)
/rts-2024-3-key-takeaways/,/blog/,post not migrated,no equivalent; blog index
/4-fulfilment-strategies-maximize-retail-experience/,/platform/oms/,post not migrated,no equivalent; by topic (order-management)
/5-minutes-with-a-teamwork-expert-paul-mcgovern/,/blog/,post not migrated,no equivalent; blog index
/retail-technology-show-interview-daniele-amici/,/events/,post not migrated,no equivalent; by topic (nrf)
/enhancing-in-store-shopping-strategies-for-apparel-brands/,/blog/,post not migrated,no equivalent; blog index
/simplifying-omnichannel-fulfillment-the-power-of-teamwork-commerce-and-sps-commerce/,/platform/oms/,post not migrated,no equivalent; by topic (order-management)
/evolving-consumer-trends-2024-in-review/,/blog/,post not migrated,no equivalent; blog index
/retail-tax-compliance-avalara-teamwork/,/blog/,post not migrated,no equivalent; blog index
/world-environment-day-2024-3-strategies-retailers-can-use-to-reduce-their-carbon-footprint/,/blog/,post not migrated,no equivalent; blog index
/taylor-swifts-eras-tour-how-can-uk-stadiums-maximise-merchandise-sales/,/blog/,post not migrated,no equivalent; blog index
/how-can-retailers-maximise-consumer-loyalty/,/features/customer-data/,post not migrated,no equivalent; by topic (clientel)
/cybershopping-in-2030/,/blog/,post not migrated,no equivalent; blog index
/looking-at-the-future-apple-vision-pros-role-in-fashion-retail/,/blog/,post not migrated,no equivalent; blog index
/ukraine/,/blog/,post not migrated,no equivalent; blog index
/pos-flipbook/,/platform/mobile-pos/,post not migrated,no equivalent; by topic (point-of-sale)
/technical-business-analyst/,/blog/,post not migrated,no equivalent; blog index
/full-charge-bookkeeper/,/blog/,post not migrated,no equivalent; blog index
/london-fashion-week-2024-trends/,/blog/,post not migrated,no equivalent; blog index
/5-retail-metaverse-examples-that-create-immersive-experiences-and-excited-customers/,/blog/,post not migrated,no equivalent; blog index
/teamwork-commerces-clint-ridenour-to-speak-at-future-stores-2025/,/blog/,post not migrated,no equivalent; blog index
/client-sign-up/,/blog/,post not migrated,no equivalent; blog index
/rfp-guide/,/blog/,post not migrated,no equivalent; blog index
/lms-scorm-expert-consultant/,/blog/,post not migrated,no equivalent; blog index
/major-apparel-retailer-achieves-omnichannel-success-with-teamwork-commerce/,/platform/oms/,post not migrated,no equivalent; by topic (order-management)
/empowering-students-witter-elementary-school/,/blog/,post not migrated,no equivalent; blog index
/2026-nrf-guide/,/events/,post not migrated,no equivalent; by topic (nrf)
/celebrating-childrens-day-with-love-and-laughter-a-visit-to-casa-hogar-esperanza-para-ti/,/blog/,post not migrated,no equivalent; blog index
/teamwork-cares-supports-pinellas-county-through-school-supply-drive/,/teamwork-cares/,post not migrated,no equivalent; by topic (teamwork-cares)
/unleash-the-power-of-clienteling-in-your-retail-business/,/features/customer-data/,post not migrated,no equivalent; by topic (clientel)
/spring-sales-3-ways-retailers-can-spring-into-action/,/blog/,post not migrated,no equivalent; blog index
/,/,page same path,
/analytics-reporting/,/platform/analytics/,page mapped,
/big-commerce-event/,/events/,page mapped,
/brand-assets/,/about/,page mapped,
/china-home/,/,page mapped,
/china-page-2/,/,page mapped,
/data-processing-agreement/,/data-processing-agreement/,page same path,
/demo-request-big-commerce-lead/,/demo/,page mapped,
/exhibit-1-european-data-processing-addendum-for-teamwork-services/,/data-processing-agreement/,page mapped,
/high-end-apparel-point-of-sale/,/solutions/luxury-apparel/,page mapped,
/home/,/,page mapped,
/i-care-for-ukraine/,/teamwork-cares/,page mapped,
/inventory-management/,/platform/inventory-control/,page mapped,
/museum-point-of-sale/,/solutions/museums-cultural/,page mapped,
/privacy-policy-2/,/privacy-policy/,page mapped,
/resources/,/blog/,page mapped,
/retail-refresh/,/blog/,page mapped,
/sample-page/,/,page mapped,
/rts-2023/,/events/,page mapped,
/secure-crm/,/features/customer-data/,page mapped,
/shoptalk-2023/,/events/,page mapped,
/terms-and-conditions/,/terms-and-conditions/,page same path,
/tester/,/,page mapped,
/test/,/,page mapped,
/big-commerce/,/events/,page mapped,
/rts2023/,/events/,page mapped,
/client-referral-form/,/contact/,page mapped,
/partner-request/,/platform/integrations/,page mapped,
/thank-you-page-demo-request/,/thanks/,page mapped,
/blog/,/blog/,page same path,
/retailers-mobile-pos-how-far-do-they-have-left/,/platform/mobile-pos/,page mapped,
/job-position-sales-engineer-january-2024/,/careers/,page mapped,
/glossary/,/glossary/,page same path,
/etail-2024/,/events/,page mapped,
/press-room/,/press-room/,page same path,
/podcast/,/blog/,page mapped,
/data-sheet/,/blog/,page mapped,
/retail-technology-show-2024/,/events/,page mapped,
/frequently-asked-questions/,/frequently-asked-questions/,page same path,
/future-stores-2024/,/events/,page mapped,
/retec-2024/,/events/,page mapped,
/pulse-summit-2024/,/events/,page mapped,
/client-satisfaction-survey/,/contact/,page mapped,
/clienteling-with-endear/,/features/customer-data/,page mapped,
/shoptalk-2024/,/events/,page mapped,
/5-strategies-to-increase-your-sales-with-a-point-of-sale/,/platform/mobile-pos/,page mapped,
/the-benefits-of-unified-commerce-in-2022/,/platform/integrations/,page mapped,
/rfid-technology-checkout-process-study/,/platform/rfid/,page mapped,
/shoptalk-eu-2024/,/events/,page mapped,
/data-specialist-mexico/,/careers/,page mapped,
/nrf-singapore-2024/,/events/,page mapped,
/237462-2/,/,page mapped,
/the-lead-2024/,/events/,page mapped,
/apero-retail/,/events/,page mapped,
/paris-retail-week/,/events/,page mapped,
/afumed/,/events/,page mapped,
/glossary-2/,/glossary/,page mapped,
/job-position-project-manager-september-2024/,/careers/,page mapped,
/hardware-partner-manager-september-17th-2024/,/careers/,page mapped,
/strategic-partner-manager-september-2024/,/careers/,page mapped,
/footwear-apparel-point-of-sale/,/solutions/fashion-apparel/,page mapped,
/tech-for-retail-2024/,/events/,page mapped,
/rfid-solutions-self-checkout/,/platform/rfid/,page mapped,
/integrations-apis/,/platform/integrations/,page mapped,
/shopper-services/,/platform/mobile-pos/#shopper-display,page mapped,
/nrf-2025/,/events/,page mapped,
/eurocis-2025/,/events/,page mapped,
/shoptalk-2025/,/events/,page mapped,
/retail-technology-show-2025/,/events/,page mapped,
/teamwork-commerce-team-history/,/about/,page mapped,
/netcomm-forum-2025/,/events/,page mapped,
/nrf-singapore-2025/,/events/,page mapped,
/hp25-2/,/events/,page mapped,
/pulse-ecommerce-summit-2025/,/events/,page mapped,
/stripe-sessions-2025/,/events/,page mapped,
/the-breakthrough/,/blog/the-breakthrough/,page mapped,
/exec-team/,/about/,page mapped,
/time-machine/,/blog/,page mapped,
/shoptalk-eu-2025/,/events/,page mapped,
/future-stores-2025/,/events/,page mapped,
/viva-technology-2025/,/events/,page mapped,
/smart-tech-korea/,/events/,page mapped,
/omnichannel-order-management-oms/,/platform/oms/,page mapped,
/job-position-spm-july-2025/,/careers/,page mapped,
/spanish-client-satisfaction-survey/,/contact/,page mapped,
/nrf-europe-2025/,/events/,page mapped,
/partners/,/platform/integrations/,page mapped,
/stadium-point-of-sale/,/solutions/stadiums-venues/,page mapped,
/shippypro-experience-2025/,/events/,page mapped,
/fast-tech/,/events/,page mapped,
/tech-readiness-quiz/,/blog/,page mapped,
/chinese-client-satisfaction-survey/,/contact/,page mapped,
/shoptalk-fall-2025/,/events/,page mapped,
/application-specialist-september-2nd-2025/,/careers/,page mapped,
/forum-retail/,/events/,page mapped,
/it-specialist/,/careers/,page mapped,
/teamwork-commerce-vault/,/blog/,page mapped,
/app-specialist/,/careers/,page mapped,
/project-manager-latam/,/careers/,page mapped,
/app-specialist-latam/,/careers/,page mapped,
/tech-for-retail-2025/,/events/,page mapped,
/thank-you-for-reaching-out-nrf-2026/,/thanks/,page mapped,
/google-demo-request/,/demo/,page mapped,
/data-analyst/,/careers/,page mapped,
/mobile-point-of-sale/,/platform/mobile-pos/,page mapped,
/nrf-2026-rfid/,/platform/rfid/,page mapped,
/euroshop2026/,/events/,page mapped,
/bfcm-2025/,/events/,page mapped,
/nrf-2026/,/events/,page mapped,
/shoptalk-luxe-2026/,/events/,page mapped,
/case-studies/,/case-studies/,page same path,
/euroshop-2026-guide/,/events/,page mapped,
/euroshop-2026-guide-2/,/events/,page mapped,
/euroshop-2026/,/events/,page mapped,
/121-commerce/,/features/customer-data/,page mapped,
/shoptalk-2026/,/events/,page mapped,
/project-manager-uk/,/careers/,page mapped,
/marketing-coordinator-emea/,/careers/,page mapped,
/project-manager-us/,/careers/,page mapped,
/lo-store-si-evolve-lai-abilita-guidare-la-trasformazione-nel-retail/,/blog/,page mapped,
/certified-hardware/,/certified-hardware/,page same path,
/contact-us/,/contact/,page mapped,
/careers/,/careers/,page same path,
/privacy-policy/,/privacy-policy/,page same path,
/demo-request/,/demo/,page mapped,
/teamwork-and-adyen/,/platform/integrations/,page mapped,
/nrf-europe-2026/,/events/,page mapped,
/teamwork-cares/,/teamwork-cares/,page same path,
/partner-retail-safari-event/,/events/,page mapped,
/treet-event-follow-up/,/events/,page mapped,
/one-unified-tech-stack/,/platform/integrations/,page mapped,
